episode,reward,won,kills
1,-487.90974227286074,0,0
2,-572.2325354101072,0,0
3,7709.102864130437,0,0
4,-595.2276996709977,0,0
5,-511.6208228154821,0,0
6,-394.97731878571136,0,0
7,-442.8300869452415,0,0
8,-284.9136536466922,0,0
9,182.91824078508728,0,0
10,258.5591769980746,0,0
11,-511.7330871782568,0,0
12,-318.4710748496691,0,0
13,32.80430074609927,0,0
14,-615.3686824937868,0,0
15,-356.3775114292603,0,0
16,-141.9322403891195,0,0
17,-561.9663429861127,0,0
18,-519.8549659124764,0,0
19,-520.6491233900188,0,0
20,98.28500335369216,0,0
21,-461.05506620874314,0,0
22,-554.7209225390174,0,0
23,-513.3552617916641,0,0
24,843.4230605556395,0,0
25,-4030.7491782636025,0,0
26,-504.4781250817651,0,0
27,-505.81713853751523,0,0
28,-419.0992673769777,0,0
29,-297.8883345986859,0,0
30,-254.32166864941712,0,0
31,168.42424904338378,0,0
32,-320.53624130798755,0,1
33,-505.52588619926786,0,0
34,5490.972160308528,0,0
35,-537.2750766381666,0,0
36,-636.205675071562,0,0
37,2081.0894746101903,0,0
38,-504.53587003009125,0,0
39,-2147.9595263005467,0,0
40,-692.9637213437996,0,0
41,807.4799417478847,0,0
42,356.83668659970317,0,1
43,3639.2632449165894,0,0
44,-579.5499582862118,0,0
45,-932.7273161728847,0,0
46,6582.095011193879,0,0
47,1012.1701447181056,0,0
48,-533.7319355930383,0,0
49,-335.394128094789,0,0
50,-642.3913187734327,0,0
51,-3978.197120672695,0,0
52,-529.4998389194836,0,0
53,-344.0404946573095,0,0
54,-514.5422780678878,0,0
55,-449.7147211195068,0,0
56,-4304.0595653059245,0,0
57,1145.1690437390384,0,0
58,-929.2577988148487,0,0
59,-540.7363245181324,0,0
60,-925.8614782285085,0,0
61,-561.9077816849501,0,0
62,-976.1074534920718,0,0
63,-472.0747271846981,0,0
64,-291.5053495580738,0,0
65,4271.815103587696,0,0
66,-4414.260424126412,0,0
67,3676.132733837788,0,0
68,-751.7465139935061,0,0
69,13281.128276271611,0,0
70,2171.3565577171166,0,0
71,-266.48791881361194,0,1
72,-469.0357995930361,0,0
73,-806.6383005167493,0,0
74,76.38191482132106,0,0
75,6495.162036938314,0,1
76,-512.5838602525309,0,0
77,-3080.1850157204753,0,0
78,-603.17940269976,0,0
79,-267.0578374458678,0,2
80,-431.1469777985899,0,0
81,-656.9994121593824,0,0
82,-543.2430693381792,0,0
83,-6569.218525408561,0,0
84,-2053.5369206293376,0,0
85,-543.7268050589382,0,0
86,-1915.3951346801223,0,0
87,-767.807541702939,0,0
88,-526.3818656787637,0,0
89,-1939.2845282324602,0,0
90,361362.49788255745,1,4
91,-518.3805972552669,0,0
92,-2398.9860671863657,0,0
93,-541.1657923770459,0,0
94,-8911.156138418362,0,0
95,-510.3886962927445,0,0
96,-1064.9012166229904,0,0
97,-504.26528831623796,0,0
98,-489.9642345607355,0,0
99,-1286.687682330692,0,0
100,-659.3479890692771,0,0
101,-643.2633966382829,0,0
102,-565.0255793102883,0,0
103,-1676.351898546241,0,0
104,2555.483165970839,0,0
105,-790.110676819946,0,0
106,-575.7421131271698,0,0
107,-313.1193209151211,0,0
108,-600.5150243378046,0,0
109,-700.6957599395245,0,0
110,-2470.046826896007,0,0
111,-4592.767387278928,0,0
112,-633.6073395817183,0,0
113,-1690.5206345476834,0,0
114,-560.2476126210532,0,0
115,-491.44343924413613,0,0
116,-912.5855073081798,0,0
117,-130.07316177872855,0,0
118,-719.7869609385504,0,0
119,-1183.8738382368078,0,0
120,-110.27165459859549,0,0
121,-774.3242982997181,0,0
122,-3223.1002439198082,0,0
123,-515.7901398682172,0,0
124,-1205.7719602609195,0,0
125,-1057.054829003944,0,0
126,-1835.2822181945023,0,0
127,-901.0503784755804,0,0
128,-59.43685376492883,0,0
129,-768.4897810309365,0,1
130,-507.8422387554049,0,0
131,-10078.262828379235,0,0
132,-651.745961411197,0,0
133,-796.285056886659,0,0
134,3071.163980098754,0,1
135,-493.81519908965026,0,0
136,-3430.7254913605507,0,0
137,-515.4899272924384,0,0
138,-3655.957432161748,0,0
139,-473.53874342392515,0,0
140,-1613.0690319321916,0,1
141,-504.80021643427193,0,0
142,-1601.9843504247572,0,1
143,-579.8705354760256,0,0
144,-547.1216088737576,0,0
145,-679.1754525860288,0,0
146,-463.4176988855887,0,1
147,-508.8968093667615,0,0
148,-2725.8943269307606,0,2
149,-528.0751640733129,0,0
150,-994.8803004089036,0,0
151,1138.1278989911975,0,0
152,-4990.076132243525,0,0
153,-1079.8578656273762,0,0
154,-1034.781390868881,0,0
155,-1556.8090896905846,0,1
156,-5089.919521034378,0,0
157,4380.047894685879,0,0
158,-498.8446502159596,0,0
159,-769.9698477259863,0,0
160,-481.95795889805885,0,0
161,-267.5542082686055,0,0
162,-671.9328574433538,0,0
163,92.00686343772753,0,0
164,-572.1651901071025,0,0
165,-1634.5147778792546,0,0
166,-637.7429577137332,0,0
167,-311.0942280441645,0,0
168,-556.1710113381407,0,0
169,-506.89485347778805,0,0
170,-653.8979699851221,0,0
171,2008.9229242232882,0,0
172,-782.9777841227121,0,0
173,-503.2271571446316,0,0
174,-304.22863263356464,0,0
175,203127.67671021432,1,7
176,-1261.6567127918788,0,0
177,-1522.2537970482608,0,0
178,3373.841567445855,0,1
179,-599.8180839009725,0,0
180,-500.62105471517475,0,0
181,-505.5213527185051,0,0
182,-583.1334423617792,0,0
183,-496.26660301559957,0,0
184,1695.5845956651804,0,0
185,-717.0919646547161,0,0
186,117999.44825942528,1,4
187,-1599.582165129345,0,0
188,-1622.0385703774657,0,0
189,-496.1187716635609,0,0
190,-517.0442655264486,0,0
191,-2001.4105061047105,0,0
192,-754.6830314114195,0,0
193,-559.0896214659972,0,0
194,19222.174504854524,0,0
195,-599.506560159587,0,0
196,-476.81201792392454,0,0
197,-490.2397735111575,0,0
198,25.26361737541805,0,2
199,-1771.4591377945503,0,0
200,-800.227241001792,0,0
201,-581.3587120504637,0,0
202,-528.79393545267,0,0
203,-880.7333241312986,0,0
204,-527.5082640755719,0,1
205,-3438.0861336612493,0,0
206,-454.22988749601257,0,0
207,-511.9669527930238,0,0
208,-623.3202972794165,0,0
209,1564.7221198796224,0,0
210,-422.4448699354957,0,0
211,2816.943747243013,0,1
212,-3345.980352622438,0,0
213,-1078.3965094680184,0,0
214,-755.5065500844366,0,0
215,-518.1043224237184,0,0
216,-485.2725495900099,0,0
217,-663.4723066525466,0,0
218,-448.35869482688383,0,0
219,-1505.586042755518,0,0
220,-593.1418472525372,0,0
221,915.3723770513665,0,0
222,-514.4451691211857,0,0
223,-1215.1199195432291,0,0
224,-492.9203088764176,0,0
225,-615.8607780931538,0,0
226,-950.0909091425406,0,0
227,-1674.257817702765,0,0
228,2730.9208396766116,0,0
229,1572.8188812704898,0,1
230,-571.9488845023344,0,0
231,7307.037565564273,0,0
232,-834.7508292311543,0,0
233,-645.9372518085672,0,0
234,-540.2091412624999,0,0
235,-491.6611988206398,0,0
236,-502.529190354823,0,0
237,-3729.241847487915,0,1
238,-282.00516431125493,0,0
239,-584.924379962534,0,0
240,-113.61135338382036,0,0
241,-4036.1427251034534,0,1
242,-1341.2763820670962,0,0
243,-517.6346358443996,0,0
244,-901.4423252109239,0,0
245,-595.9320768602771,0,0
246,-20893.093506063287,0,0
247,-4860.609872280052,0,0
248,-3958.3410293993516,0,1
249,-681.400632219265,0,0
250,-528.5046133257249,0,0
251,-1366.4466688629577,0,0
252,-504.48018373844747,0,0
253,1314.477043353921,0,0
254,-560.112757460603,0,0
255,4439.825929917509,0,1
256,-697.5875034492785,0,0
257,-1392.3562609301673,0,0
258,-885.1604589865002,0,0
259,2706.2759687317043,0,2
260,-464.1695071910066,0,0
261,-590.3401035994012,0,0
262,-516.7109479576966,0,0
263,-733.8200841882308,0,0
264,-325.8788511816671,0,0
265,-1261.901470965291,0,1
266,-825.7181163188363,0,0
267,-1692.6396352539327,0,0
268,-1300.117550407673,0,0
269,-973.7287883993522,0,0
270,-1167.943433310364,0,0
271,-1264.8434345034696,0,0
272,-682.6439127469988,0,0
273,-3283.1550354076862,0,0
274,-1383.9040950071524,0,1
275,-708.8605374604961,0,0
276,-784.8131040813519,0,0
277,-530.9187973505502,0,1
278,2356.5810657747165,0,0
279,-921.6025524418526,0,0
280,-733.8616701650051,0,0
281,-573.4521648646667,0,0
282,-2450.892505093124,0,0
283,32.588570208278156,0,1
284,-663.5451659738095,0,0
285,-2584.091923704378,0,0
286,-2574.4868501651645,0,0
287,-811.4457143086033,0,0
288,-547.2954748971497,0,0
289,-575.523162187928,0,0
290,-844.6203887081333,0,0
291,96807.62475583394,1,5
292,-4514.752624406269,0,0
293,-508.34209385864125,0,0
294,-843.3331886672569,0,0
295,-2202.477620082085,0,1
296,-541.833203647956,0,0
297,-37.393001292400015,0,0
298,-98.23625203395358,0,0
299,-594.7401646318872,0,0
300,-692.2412238296807,0,0
301,-601.9873647723362,0,0
302,-511.6777603774573,0,0
303,-749.1182207644081,0,0
304,-594.31451625417,0,0
305,155.38049922313093,0,0
306,-490.16927877775925,0,0
307,-1302.0117765225818,0,1
308,-519.7224862905921,0,0
309,-543.4798323576015,0,0
310,-757.5151377662155,0,0
311,-546.1673421855,0,0
312,-492.12119020413394,0,0
313,-526.4980882920388,0,0
314,-519.0333252500916,0,1
315,-795.1619779089169,0,0
316,-561.8947344981376,0,0
317,-1221.9331357564101,0,0
318,-485.8627931183237,0,0
319,674.6070863058577,0,1
320,-1733.124838351623,0,0
321,-559.7425956134934,0,0
322,-516.9499058096685,0,0
323,-565.5364385725455,0,0
324,-483.1896922443492,0,0
325,-481.23236344414727,0,0
326,291.79892640937794,0,0
327,-657.5025965631362,0,0
328,-977.6890608761134,0,0
329,-515.4271072764319,0,0
330,-491.8473580644868,0,0
331,1470.5865057636042,0,0
332,424.78327424840256,0,0
333,-770.6589542946355,0,0
334,-651.5054782345333,0,0
335,-665.336930732477,0,0
336,-585.6746981428114,0,0
337,-729.3606422430562,0,0
338,-510.5429729877285,0,0
339,-439.0972010090666,0,1
340,-442.35400726970363,0,0
341,-503.19797184874153,0,0
342,-474.2421567481628,0,0
343,-608.2000043910498,0,0
344,-460.9288742948122,0,0
345,-580.4352403860856,0,0
346,-338.1671542630543,0,1
347,-533.5044209142751,0,2
348,-1256.6776243937077,0,0
349,-491.0562919663534,0,0
350,-504.3959695999005,0,0
351,-428.6438845749561,0,0
352,-505.25791643835163,0,0
353,-625.8679773948645,0,0
354,221.96910206623625,0,0
355,753.6582769435817,0,1
356,-501.53427234133125,0,0
357,1226.8269519057617,0,0
358,-756.0541688637644,0,0
359,-473.2234492236211,0,0
360,145.60446827065806,0,0
361,-512.7707204159283,0,0
362,-540.7466792662692,0,0
363,-680.0883966487224,0,0
364,-869.3643928699317,0,1
365,-571.7174686575647,0,0
366,-500.41180031033576,0,0
367,-980.3352597557571,0,0
368,-502.2002630294585,0,0
369,-818.5552313212222,0,1
370,-578.3005218009441,0,0
371,-296.5908857312543,0,0
372,-225.11978859021195,0,0
373,2066.1758761038664,0,1
374,-544.4536868552223,0,0
375,-1992.2076743764737,0,0
376,-561.9672633238365,0,0
377,-1860.3361388530313,0,0
378,-1446.4469988321782,0,0
379,-529.9498425173787,0,0
380,-1536.0942659597251,0,0
381,-680.482131187021,0,0
382,-633.0433834572857,0,0
383,-1029.9136239703982,0,0
384,-594.678644965342,0,0
385,-953.9743060051233,0,0
386,-1553.4350271281614,0,1
387,-804.8877922246418,0,0
388,-1182.3309311571682,0,0
389,857.1366355444877,0,1
390,-1874.670946908031,0,1
391,-507.5594407726997,0,0
392,-956.7765529710493,0,1
393,952.3851564529346,0,1
394,503.16691099355353,0,0
395,-858.0801355047125,0,0
396,-506.6247413596446,0,0
397,-583.3293834059076,0,0
398,-555.6152210876054,0,0
399,-914.9687185823566,0,0
400,-513.108664996749,0,0
401,-1506.144478833085,0,0
402,-567.9449861371563,0,0
403,-1133.3849414236965,0,0
404,-546.7213796466557,0,0
405,-538.0631098686761,0,0
406,-609.5377292452891,0,0
407,-514.7596742837699,0,0
408,177.85465041287694,0,0
409,-1509.0400549950257,0,1
410,-651.3687152666956,0,0
411,-562.9262622728692,0,0
412,-889.1303915326487,0,0
413,1148.5418515056633,0,1
414,-305.4449043185558,0,0
415,-618.125210885242,0,0
416,2382.1937683893434,0,1
417,9528.110169045167,0,2
418,-641.9000849166598,0,0
419,-552.3505857555939,0,0
420,-582.5392828076506,0,0
421,-582.1760102918475,0,0
422,-524.5994811012196,0,0
423,1510.9279825573092,0,0
424,-1622.7587320469029,0,0
425,-549.4984606901361,0,0
426,-354.25998455128337,0,0
427,-65.52482195939419,0,0
428,-971.0441753862939,0,0
429,-509.5874668038301,0,0
430,-513.1117161605898,0,0
431,-4.092964332159454,0,0
432,-570.7020751599002,0,0
433,-291.77319503063234,0,0
434,-759.1388119450405,0,0
435,-1385.5874789534937,0,1
436,-3259.5895994218163,0,0
437,-502.84036676700237,0,0
438,-1501.8836924129173,0,1
439,-553.5273327918399,0,0
440,-1016.4528603354314,0,0
441,-1504.8000519337347,0,1
442,-1878.5918049693892,0,1
443,-1621.1322012642995,0,0
444,-2039.7605021269223,0,0
445,-2372.779923431269,0,0
446,-989.2593927295588,0,0
447,-679.3545409374474,0,0
448,-515.1836927377366,0,0
449,-505.2979992913061,0,0
450,994.0889604909755,0,2
451,9772.263430454159,0,3
452,-534.9876277197022,0,0
453,-482.7434295920517,0,0
454,-522.6643415574943,0,0
455,1211.6926550559078,0,1
456,-702.2643569897596,0,0
457,1920.7803765155727,0,1
458,-970.6885175074228,0,0
459,-528.2072430751256,0,0
460,-502.7755962651036,0,0
461,-557.4206697199713,0,0
462,-1528.2766497233374,0,0
463,-236.78562992675126,0,0
464,-4271.059472386018,0,0
465,-3622.9725271000225,0,0
466,-3068.8944543831954,0,0
467,-1530.3994545625762,0,0
468,-1059.7397080493718,0,0
469,-2612.892632617097,0,1
470,-884.7736943989264,0,0
471,-510.29825040046626,0,0
472,14215.882643130199,0,2
473,-510.5458375409685,0,0
474,10822.01444494546,0,1
475,-821.2285333172922,0,0
476,-501.7473868778332,0,0
477,-639.7271193268075,0,0
478,-655.8093113089877,0,0
479,3112.276954965093,0,0
480,-1615.8695759234975,0,0
481,-523.238872799858,0,0
482,-750.6050899690831,0,1
483,-542.5140122042184,0,0
484,-485.955376201793,0,0
485,1805.611836279604,0,3
486,-295.6193676392596,0,0
487,-566.4373969774872,0,0
488,-139.04947740242605,0,0
489,-568.4369672736063,0,0
490,-636.5722765251289,0,0
491,-422.9722164292225,0,0
492,424.2867713751883,0,0
493,-474.9547868111807,0,0
494,-564.758044768812,0,0
495,-984.9792125372244,0,0
496,-451.9392527932715,0,0
497,-634.2815935370685,0,0
498,-797.245318020674,0,0
499,-634.1804405279817,0,0
500,-1331.509990695646,0,0
501,-558.2375277343749,0,0
502,-567.3194825877039,0,0
503,-500.8705719605702,0,0
504,-1290.3528745636731,0,1
505,-995.8059788211502,0,0
506,446.6063901630452,0,1
507,-501.12712569596897,0,0
508,-558.8690079804405,0,0
509,-487.650936043028,0,0
510,-1093.778321989067,0,0
511,-578.4270939848192,0,0
512,-1741.3527841099865,0,1
513,-446.54968468458196,0,0
514,-1132.5473043386135,0,0
515,-722.7997332526919,0,0
516,-774.9299678122702,0,0
517,-596.0788132917392,0,0
518,17390.099180710266,0,5
519,-489.5411225077425,0,0
520,495.7482126701801,0,1
521,-1136.4183492252632,0,1
522,-714.8886620808646,0,0
523,-620.9813111609092,0,0
524,-1654.9183206259759,0,0
525,-942.4532853903679,0,0
526,-548.1608082804129,0,0
527,-794.2100392631983,0,0
528,-916.8301345684541,0,1
529,-593.1130477000894,0,0
530,-506.10221574235015,0,0
531,-512.5531098960099,0,0
532,-485.32743722589385,0,0
533,-912.463615894389,0,0
534,-570.867234552892,0,0
535,-2724.63259082935,0,0
536,-2024.7027764334123,0,0
537,-4940.682007663421,0,0
538,-686.6877655042543,0,0
539,-1075.2413817317922,0,0
540,-23600.26375059284,0,2
541,-2460.0691368271605,0,0
542,-1084.284493751824,0,0
543,-4295.938458747729,0,0
544,-226.48091949324674,0,0
545,-570.7699646780427,0,0
546,-1666.9840876743551,0,0
547,-1662.1278694430657,0,0
548,-1220.3221170135062,0,0
549,-1472.2905071677917,0,0
550,-2345.7324453160504,0,0
551,-517.2644786838064,0,0
552,-3887.627834698323,0,1
553,-635.2053889994511,0,0
554,38966.64208078314,0,1
555,-896.3793121826268,0,0
556,-870.8510013691368,0,0
557,-3212.449386946802,0,0
558,2500.5565010443743,0,0
559,-521.6994081848222,0,0
560,-1491.6089894978134,0,1
561,-1968.2414123552253,0,0
562,-511.35356656271495,0,0
563,-621.0522196591959,0,0
564,-145.05112369128867,0,0
565,-1135.247338301089,0,1
566,-1501.3047876878209,0,0
567,-508.808676196535,0,0
568,-217.05780736651982,0,0
569,-540.9503773001576,0,0
570,1916.7219777172613,0,0
571,-2238.958663076776,0,1
572,-1318.196134235342,0,0
573,-503.19098410895276,0,0
574,-106.25611151697353,0,0
575,-545.1436088133889,0,0
576,-516.7286300222783,0,0
577,40287.181983391434,1,4
578,7143.6239862364455,0,0
579,-538.9884334886332,0,0
580,-408.97339642293775,0,0
581,-498.2587295325219,0,0
582,-587.7703659686613,0,0
583,-549.4101883350266,0,0
584,-521.9744357948423,0,0
585,-527.5239975219707,0,0
586,-533.4738725992052,0,0
587,-283.4159062502558,0,1
588,-633.0537452256751,0,0
589,-2892.8599144884342,0,0
590,-509.1914209336655,0,0
591,-520.2948833819261,0,0
592,-520.2961060525491,0,0
593,-132.6715685418573,0,1
594,11.519137785993763,0,1
595,-521.6581338257399,0,0
596,1638.0023061997556,0,2
597,710.3710935277918,0,1
598,-445.2583856454757,0,0
599,-509.9223348877153,0,0
600,1990.7998101723724,0,1
601,143.6996626059127,0,1
602,-540.93787951275,0,0
603,-529.397719087938,0,0
604,2247.7462590611512,0,1
605,1096.8347162117057,0,0
606,-659.7348906032001,0,0
607,-606.819900644268,0,0
608,-466.12163633715926,0,0
609,-504.43906531287325,0,0
610,-513.8535179383061,0,0
611,43224.079994706866,1,10
612,-1296.4861288418535,0,0
613,17832.11779100752,0,3
614,963.2081820858539,0,0
615,-521.6539868837912,0,0
616,-725.2586834047239,0,0
617,-686.2311498617952,0,0
618,-785.3080501728972,0,0
619,1958.0851799245384,0,1
620,-492.4953625773819,0,0
621,-586.3620036675975,0,0
622,-510.4927515394668,0,0
623,21.731497592752703,0,0
624,4677.220254686168,0,1
625,-507.16592537735124,0,0
626,613.1344723499496,0,0
627,-501.11280400019905,0,0
628,-492.9611925618298,0,0
629,-425.8518052159267,0,0
630,-475.9094204853704,0,0
631,-181.98403738493738,0,0
632,-387.5249483397249,0,0
633,2976.8353598373874,0,0
634,772.7352561817377,0,0
635,-541.3498129675827,0,0
636,-1404.9381764845452,0,0
637,1978.1617528139343,0,1
638,-577.0032177171627,0,0
639,-597.3745213517874,0,1
640,-1120.1840272488134,0,0
641,483.65168472191453,0,1
642,-530.165774210631,0,0
643,2845.5564729543084,0,0
644,-508.3856237439164,0,0
645,2057.5140145820515,0,0
646,-509.17197416526415,0,0
647,917.096073936539,0,0
648,-536.1225475375264,0,0
649,788.4163033938607,0,0
650,-489.11365970974555,0,0
651,1264.650386886894,0,0
652,-1001.2305047450512,0,0
653,-505.3898516139018,0,0
654,-1338.360763427735,0,0
655,39782.576096623125,1,7
656,-1082.807475254359,0,0
657,-504.423479943724,0,0
658,78447.18862844427,1,4
659,-562.882215700022,0,0
660,-509.3221593553133,0,0
661,472.8939704016596,0,0
662,1567.0462353078185,0,1
663,249.80903888858978,0,0
664,-459.38374272872034,0,0
665,2348.3916307246063,0,0
666,165.51024089467637,0,0
667,-512.0062741095231,0,0
668,-560.8361492638821,0,0
669,-498.6141519959835,0,0
670,-519.6627389727761,0,0
671,13676.41086327483,0,0
672,-665.2406089936951,0,0
673,-426.9947950556558,0,0
674,-1614.833056664368,0,0
675,-949.6130145662562,0,0
676,-557.6720607356806,0,0
677,-960.0463200070333,0,0
678,-270.9191055577421,0,0
679,-1043.3506745153477,0,0
680,-460.2817570103535,0,0
681,-232.70350253771292,0,0
682,-862.5928432903218,0,0
683,397.145432767034,0,1
684,-1864.0986624353263,0,0
685,-508.80557602416457,0,0
686,-531.6523522317922,0,0
687,-650.2841181433387,0,0
688,-676.1931141120903,0,0
689,-438.0144186146722,0,0
690,-592.6157538505647,0,0
691,-1254.5775718493628,0,0
692,-512.1693231763635,0,0
693,538.0625500793492,0,1
694,-2201.0293699164476,0,0
695,-559.502261256784,0,0
696,2714.1418967586287,0,0
697,-778.3422430598223,0,0
698,-296.129380759423,0,0
699,-556.9026470872178,0,0
700,-550.8295917024361,0,0
701,1135.3816031004617,0,0
702,-374.3420275940041,0,0
703,2305.0222292655058,0,0
704,-4123.215874698046,0,0
705,-837.0019846940156,0,0
706,-1729.4934521023206,0,0
707,-1762.0347077442125,0,1
708,-550.9143584783349,0,0
709,-553.7165131480211,0,0
710,67.01937649962196,0,0
711,-496.1252389038655,0,0
712,1073.475065771819,0,1
713,-498.2135303428666,0,0
714,136.3078687477123,0,0
715,-540.4105232361829,0,0
716,-226.66140752955528,0,0
717,-238.39904818364,0,0
718,143.59177294380555,0,0
719,-510.93826006591905,0,0
720,-532.977142441711,0,0
721,-718.3904200859624,0,0
722,-857.9564097075461,0,0
723,680.5693229578919,0,1
724,-344.22151272408667,0,0
725,2254.6896323361034,0,0
726,-508.17282538833484,0,0
727,-494.4244900791226,0,0
728,-853.5869495938142,0,0
729,-297.8515653530467,0,1
730,-484.0340101458059,0,0
731,-480.3606702195529,0,0
732,-492.10980274344075,0,0
733,20500.446763725973,0,2
734,-861.2828130645746,0,0
735,-519.877316078782,0,0
736,-738.1350060376435,0,0
737,-595.4988936970473,0,0
738,-878.4081970624878,0,0
739,-17.90291995710811,0,0
740,-506.5278181987421,0,0
741,852.3517294148663,0,0
742,9571.484960205013,0,2
743,-505.29925409594944,0,0
744,-204.32811349776603,0,0
745,-371.51851192800535,0,0
746,-523.7627519991951,0,0
747,-535.8880236683235,0,0
748,-613.944432645555,0,0
749,-233.25285318924486,0,0
750,-575.6821980707609,0,0
751,-607.2986658801708,0,0
752,-128.01376879294705,0,1
753,-609.4652104747081,0,0
754,16366.890815168128,0,1
755,-2286.3716222844864,0,2
756,-539.6998109223625,0,0
757,-529.507813067565,0,0
758,-525.4769006642698,0,0
759,-425.13514232012176,0,0
760,-283.32762426261087,0,0
761,-464.75228713503225,0,0
762,-560.6172370649997,0,0
763,-511.9103845048535,0,0
764,-854.2778639536,0,0
765,-687.8956261590843,0,0
766,-474.6393725092275,0,0
767,-895.4330645277219,0,0
768,-2321.8702419449,0,0
769,895.496512957814,0,0
770,-722.9000950129099,0,0
771,-1302.8149894252824,0,0
772,423.1041863051147,0,1
773,-522.3319696048998,0,0
774,-506.381884079645,0,0
775,-108.90631662013294,0,0
776,1570.3285634285157,0,1
777,-946.9198185906014,0,0
778,-1201.6125311090277,0,0
779,-1310.105707751727,0,0
780,-529.9560860263914,0,0
781,1311.8630762094817,0,1
782,-906.97770497797,0,0
783,-521.1083437707625,0,0
784,-1233.9147504220089,0,0
785,-1549.2791212263548,0,0
786,318.4332521996289,0,0
787,-542.9597174705544,0,0
788,-513.0947014076495,0,0
789,-678.5288733869937,0,0
790,4245.633469151566,0,0
791,5747.308149063864,0,2
792,-476.92783284650716,0,0
793,-541.0078442471299,0,0
794,36.102779684186714,0,0
795,-557.1045092000304,0,0
796,-383.78568714948904,0,0
797,81887.94469146484,1,2
798,-890.22772880977,0,0
799,-574.3482683307175,0,0
800,-1313.0104092959768,0,0
801,-578.0729222384593,0,0
802,-990.968576892149,0,0
803,-669.2278922167811,0,0
804,-565.2572018775279,0,0
805,-733.6506102406595,0,0
806,-6066.456924743248,0,0
807,335.1027956828782,0,0
808,-516.5948305667845,0,0
809,-6676.3288804492895,0,2
810,1570.4330087191493,0,0
811,-684.8501403269926,0,0
812,-2749.9114195346733,0,0
813,-625.7135172539358,0,0
814,243.7541221561492,0,0
815,-2247.3239053474817,0,1
816,-976.358752952329,0,0
817,-729.6112555150037,0,0
818,-1266.9902279659054,0,0
819,-747.0775544879808,0,0
820,-2002.989983249945,0,0
821,-728.6571462504933,0,0
822,-2580.608571249872,0,0
823,-612.4835831854676,0,0
824,-1925.4587629842438,0,1
825,-512.1006589258989,0,0
826,-3624.5072143612056,0,1
827,-530.3942168143777,0,0
828,-504.1169118757726,0,0
829,-498.1749698172401,0,0
830,-143.19869366649624,0,0
831,-2456.4633417427376,0,0
832,-827.6548392437523,0,0
833,683.9292498071248,0,0
834,-1633.7617392390823,0,0
835,-533.2704656412171,0,0
836,-528.2636195535524,0,0
837,-510.9525564705106,0,0
838,-519.0244888797887,0,0
839,-558.8848223309678,0,0
840,-971.0861683605982,0,0
841,-1021.787312004288,0,0
842,-492.18945243686136,0,0
843,-472.5264515448907,0,0
844,-573.4392261304899,0,0
845,-315.04584222108974,0,0
846,-512.87273324008,0,0
847,233.7588341907565,0,0
848,-713.0201432658753,0,0
849,-582.0098774848915,0,0
850,-514.3048840235857,0,0
851,2229.8740566085235,0,1
852,-528.3698838064373,0,0
853,-491.36293349289815,0,0
854,-1083.8083779657663,0,0
855,-67.89891765062887,0,0
856,-498.3357185019178,0,0
857,-514.4686638985352,0,0
858,217.17519359661372,0,0
859,-499.0766479142543,0,0
860,-502.0623328530947,0,0
861,-513.8487435718417,0,0
862,-546.3297498402266,0,0
863,-251.16259753917,0,0
864,-771.7676030677142,0,0
865,-559.1028889884602,0,0
866,2517.3308249572797,0,1
867,-1403.0784356666,0,0
868,-509.67823690466025,0,0
869,-530.3284663372248,0,0
870,-495.26981123604145,0,0
871,-676.7327814179719,0,0
872,-1151.951140271283,0,0
873,-412.88149629532325,0,0
874,6953.225431538187,0,1
875,-493.30654541401714,0,0
876,-1267.989747693237,0,0
877,-516.3721846394558,0,0
878,-840.9325326148103,0,0
879,-1932.4542349855813,0,0
880,-478.273691069313,0,0
881,-524.3923405354534,0,0
882,-199.96646263535501,0,0
883,-781.3315488317087,0,0
884,-726.8142723768576,0,0
885,-505.109169393645,0,0
886,-496.57777290123187,0,0
887,-364.6774592025147,0,0
888,-1029.424182673813,0,0
889,-734.7712675114578,0,0
890,-228.30410343558515,0,0
891,137.21465900552522,0,0
892,-712.3007994607045,0,0
893,-121.52228504753643,0,0
894,-367.61315372982403,0,0
895,-346.5661395535665,0,0
896,1567.164753284018,0,0
897,1257.040969641327,0,0
898,-508.2927311220075,0,0
899,-906.3688406132269,0,0
900,-504.7459247411254,0,0
901,72871.1468065927,1,3
902,-192.8766399331593,0,1
903,-487.81408198460906,0,0
904,-521.4768424904814,0,0
905,-1075.1767555856663,0,0
906,1678.6683739195926,0,0
907,21.94581234355462,0,1
908,59487.0320761701,0,4
909,558.2394050616604,0,0
910,-515.9343890902059,0,0
911,-509.161006399846,0,0
912,-542.7295909425645,0,0
913,-835.5643223127339,0,0
914,-684.7962145081809,0,0
915,-512.7311945793641,0,0
916,-1239.7609242982894,0,0
917,-804.3935217866976,0,1
918,-688.8135730844161,0,0
919,2054.194657395106,0,1
920,-773.9481778876235,0,0
921,506.15091232757504,0,1
922,-920.0717574393304,0,1
923,-611.9157333278662,0,0
924,-521.1199186511978,0,0
925,-1457.9633718837379,0,0
926,-16.152696441919886,0,0
927,-675.8286170252884,0,0
928,-498.9412653669631,0,0
929,-576.2666525928761,0,0
930,-533.8799046023006,0,0
931,-577.8919417834625,0,0
932,-264.60426592247427,0,0
933,-760.0771330145984,0,0
934,-563.8806966249351,0,0
935,-282.1669617507323,0,0
936,-885.4104506562721,0,0
937,563.5819418072015,0,0
938,-490.22849261242857,0,0
939,995.3752062382425,0,0
940,1082.6064619465571,0,1
941,-195.18900055948347,0,1
942,-565.7112189693144,0,0
943,-897.8206765244083,0,0
944,-524.9892377654837,0,0
945,-482.2125643913641,0,0
946,-670.8211737445804,0,0
947,-489.3385160465709,0,0
948,3148.141102729006,0,1
949,3489.622153913187,0,1
950,-1980.3001744960895,0,1
951,-1279.5159838042798,0,1
952,-510.3588562358449,0,0
953,-546.4338173838032,0,0
954,772.3385739048534,0,1
955,-516.8072460189669,0,0
956,-1338.282543242647,0,0
957,-472.51121144945324,0,0
958,-655.1387441138115,0,0
959,-491.34061385089956,0,0
960,-436.36388512663694,0,1
961,160.09891998392146,0,0
962,389.75616182038846,0,1
963,-608.9369849038065,0,0
964,-534.234112056908,0,0
965,-266.50607951762845,0,0
966,-111.20235853699145,0,1
967,-495.5259069309478,0,0
968,-435.2042327017231,0,0
969,626.2177762793592,0,0
970,-626.5789141348057,0,0
971,-537.7501576176819,0,0
972,-501.2189781189438,0,0
973,-500.0369044257546,0,0
974,-1126.928643394408,0,0
975,-445.8983147522604,0,0
976,8671.900675868961,0,2
977,-503.9846663399385,0,0
978,-584.1147398665667,0,0
979,1137.9710198965465,0,0
980,-903.0110312483296,0,0
981,-540.840439180857,0,0
982,-393.1486816692909,0,0
983,-482.9575982942346,0,0
984,-487.93364120221804,0,0
985,-488.8088229159097,0,0
986,-50.238705923385396,0,0
987,-516.3725735739266,0,0
988,-600.1973877819424,0,0
989,-281.9906531082988,0,1
990,-586.274019164156,0,0
991,-313.62721975838207,0,0
992,-514.1782427978842,0,0
993,-638.1583566591345,0,0
994,-551.7695252284103,0,0
995,-524.3071855418291,0,0
996,-199.4202748066088,0,0
997,4365.664706281625,0,0
998,-545.3887344460435,0,0
999,-561.1083267810786,0,0
1000,1976.4960311861862,0,1
1001,-580.8559608024169,0,0
1002,-581.5870074071893,0,0
1003,-695.2927877109714,0,0
1004,-606.8236754224239,0,0
1005,-583.0066322285661,0,0
1006,2322.6104113432016,0,1
1007,-742.2079622849534,0,0
1008,151.69339764281267,0,0
1009,-633.0453375627126,0,0
1010,84.66725883435726,0,0
1011,-543.0295738325955,0,0
1012,-507.37997896350316,0,0
1013,-658.7174039780675,0,0
1014,233.50460019892876,0,1
1015,6472.305980281069,0,0
1016,-694.620697796928,0,0
1017,-651.2523533999008,0,0
1018,-764.3798330243162,0,0
1019,-558.1969285576026,0,0
1020,-992.9183385776626,0,0
1021,-507.6805681567334,0,0
1022,-375.7564671452508,0,2
1023,-539.6804681152997,0,0
1024,-589.3128746801107,0,0
1025,-284.18455725387605,0,0
1026,-546.3825643819993,0,0
1027,-598.3170876712184,0,0
1028,-281.1900701846454,0,0
1029,-629.7554437740429,0,0
1030,-550.5556662091427,0,0
1031,-609.9442487158633,0,0
1032,-542.1119935697267,0,0
1033,-508.0722362405186,0,0
1034,-518.5418401620801,0,0
1035,-520.6047923438002,0,0
1036,1004.4911604808565,0,0
1037,-490.24560432321266,0,0
1038,1411.2976584241865,0,1
1039,-508.11712156080125,0,0
1040,-561.1049030205735,0,0
1041,434.15319759709456,0,0
1042,-591.6239008924645,0,0
1043,-454.05102141504085,0,0
1044,-510.62751656966935,0,0
1045,-526.906412795281,0,0
1046,-323.3777819987829,0,0
1047,-528.7342628380048,0,0
1048,-578.2961223629775,0,0
1049,-185.84956180659984,0,0
1050,-460.2372361404517,0,0
1051,-533.7281381389055,0,0
1052,-517.9227617346423,0,0
1053,-981.5032643842424,0,0
1054,-564.7177665447789,0,0
1055,-791.5662146131576,0,0
1056,-781.8271631474921,0,0
1057,-552.0627452855056,0,0
1058,1747.6688338999356,0,1
1059,2878.313996372867,0,1
1060,-998.7583695769627,0,0
1061,447.78798805911094,0,0
1062,-508.5837991920789,0,0
1063,-513.6369181581183,0,0
1064,1596.541236874676,0,0
1065,-720.8193233524377,0,0
1066,-484.17698830847417,0,0
1067,-368.0362536575647,0,0
1068,834.6858933982658,0,1
1069,199.0086508507169,0,0
1070,-378.2618892223203,0,0
1071,-450.81799540935197,0,0
1072,-501.4718250736907,0,0
1073,-236.93492841203448,0,0
1074,-475.5235109598572,0,0
1075,528.6737248244234,0,0
1076,-1260.59043737931,0,0
1077,-482.3011642902966,0,0
1078,-181.71782460218566,0,0
1079,-484.9756806940327,0,0
1080,1408.093058210926,0,0
1081,-367.96258535873585,0,0
1082,-477.81741091948646,0,0
1083,-854.344607608239,0,0
1084,-542.8367848244409,0,0
1085,-473.6639237271584,0,0
1086,-27.337487366494884,0,0
1087,-525.7079473558349,0,0
1088,-722.6913399085246,0,0
1089,-102.48142823743686,0,0
1090,-496.6288327433795,0,0
1091,1847.891042215685,0,1
1092,-718.3225384439621,0,0
1093,1872.823515462809,0,0
1094,-211.50304032157482,0,0
1095,-544.963860286594,0,0
1096,-410.44765653911463,0,0
1097,-611.513489409762,0,0
1098,-377.9454118826151,0,0
1099,-491.23472329305645,0,0
1100,-529.1414940454221,0,0
1101,-514.102895448403,0,0
1102,109.99448522434596,0,0
1103,999.0424118794592,0,0
1104,-504.237501832576,0,0
1105,-553.9892200004514,0,0
1106,584.649417564,0,0
1107,-520.356245015099,0,0
1108,3443.977667419808,0,1
1109,-501.9046922706759,0,0
1110,-345.82304895949943,0,0
1111,801.3084028857375,0,0
1112,-484.7254867613608,0,0
1113,-25.018854762099693,0,1
1114,-572.7472486979963,0,1
1115,-508.5443818017466,0,0
1116,-482.88959904828465,0,0
1117,-512.3211559718962,0,0
1118,-621.3961151878268,0,0
1119,-703.0838513897887,0,0
1120,-473.8372205569843,0,0
1121,949.4845703354,0,0
1122,-523.1818335313621,0,0
1123,3819.3939269929747,0,1
1124,-1889.38619539973,0,0
1125,-503.09372269055467,0,0
1126,-497.39838351894406,0,0
1127,-753.4987142078287,0,0
1128,119.38390231190317,0,0
1129,-1628.9757309140798,0,0
1130,-1081.7975047479517,0,0
1131,-644.6648846708596,0,0
1132,-1261.7627885071724,0,0
1133,-1213.24398990844,0,0
1134,-513.5892073320273,0,0
1135,-526.1464427844713,0,0
1136,-522.356237235469,0,0
1137,-172.11119468179075,0,0
1138,161.7668509983168,0,0
1139,-44.7862729562939,0,1
1140,-469.0426767417787,0,0
1141,-541.7894315814502,0,0
1142,-361.82490806193925,0,0
1143,6312.837774529258,0,1
1144,-1479.646908856234,0,0
1145,-563.001929602559,0,0
1146,-514.919625658056,0,0
1147,-798.0461200867427,0,0
1148,1229.1048120309322,0,1
1149,-680.8697109118045,0,0
1150,-537.1923471646423,0,0
1151,81901.80046643404,1,7
1152,-1098.1390989749962,0,0
1153,-2003.6347249782348,0,0
1154,-524.2875351951212,0,0
1155,-501.97446524903154,0,0
1156,-1428.2942564377706,0,0
1157,-2344.5786317610437,0,0
1158,-642.0842936024559,0,0
1159,-1803.828642792411,0,0
1160,-1641.7789929116318,0,0
1161,-505.8661965881565,0,0
1162,87.2481157996431,0,0
1163,-525.449323276812,0,0
1164,-1608.6565847946024,0,1
1165,74204.85275412876,1,3
1166,-946.8450600090616,0,0
1167,-1105.4429673643842,0,0
1168,-495.7899488863007,0,0
1169,-748.3876135833877,0,0
1170,-770.7859003356336,0,0
1171,-344.7907307692265,0,1
1172,-511.42101708091394,0,0
1173,-562.2528504322858,0,0
1174,-509.27363557218064,0,0
1175,-511.5700790758077,0,0
1176,-625.4395123188219,0,1
1177,-359.49782809611804,0,0
1178,-601.8669130117078,0,0
1179,-56.691233138730155,0,0
1180,-124.44696803327929,0,0
1181,96.56730774059241,0,0
1182,-581.8416311676774,0,0
1183,-599.3290761376751,0,0
1184,-479.62822169727167,0,0
1185,-514.6606723915135,0,0
1186,-656.1020272482715,0,0
1187,4102.683430211208,0,0
1188,-2287.4056486597015,0,0
1189,-1269.0507537544884,0,0
1190,-26.267615475911214,0,0
1191,-507.67173160503296,0,0
1192,-508.6427500009941,0,0
1193,22.059888232772778,0,2
1194,-655.6648008838158,0,0
1195,-513.1601001164813,0,0
1196,49.01051614976075,0,0
1197,-599.781939222613,0,0
1198,-480.3695030836808,0,0
1199,-572.0709649481565,0,0
1200,389.8106906678722,0,1
1201,-709.3243263304544,0,0
1202,-544.7348471701696,0,0
1203,-572.8140736852656,0,0
1204,153.74930021581213,0,0
1205,-387.4161688341486,0,1
1206,-511.834861581672,0,0
1207,-115.67319855886683,0,0
1208,550.2322758186864,0,2
1209,-756.8872621698363,0,0
1210,-255.1986110868189,0,0
1211,-494.269297453701,0,0
1212,514.2826665218888,0,1
1213,-503.5694409953887,0,0
1214,5339.575403880776,0,0
1215,99.87831522729022,0,1
1216,-490.56775862185026,0,0
1217,-538.3551119456313,0,0
1218,-553.783067661403,0,0
1219,-523.4185568384348,0,0
1220,-539.6986320624878,0,0
1221,246.6052301315455,0,0
1222,-428.1100691174928,0,1
1223,-480.7272079911291,0,0
1224,128.45523465509314,0,0
1225,-701.7349939934375,0,0
1226,-597.2413973748716,0,0
1227,-508.9610117881532,0,0
1228,2157.9101278631338,0,1
1229,-518.1210537034577,0,0
1230,-523.513849540323,0,0
1231,-528.2341662533411,0,0
1232,2105.391241822891,0,0
1233,-526.0106106197697,0,0
1234,-19.056663907404527,0,0
1235,-508.6537524114817,0,0
1236,-518.7523211790792,0,0
1237,-503.6279305531783,0,0
1238,-105.20847981084876,0,0
1239,-497.9176235668382,0,0
1240,5288.714803575441,0,1
1241,-522.5225946395973,0,0
1242,-137.16309097780024,0,0
1243,-526.9126488695114,0,0
1244,29.234019607468042,0,0
1245,-620.4001517779141,0,0
1246,1788.404619941439,0,0
1247,-516.359649253345,0,0
1248,-546.2522226888963,0,0
1249,-784.7967202528368,0,0
1250,-268.9405485799756,0,0
1251,636.4493668461115,0,1
1252,1536.1416424433967,0,1
1253,-516.4471975621021,0,0
1254,-577.6953976418233,0,0
1255,-358.72692800585384,0,0
1256,-607.505201900776,0,0
1257,-538.9165710612947,0,0
1258,-507.5158434185533,0,0
1259,-674.1512021300308,0,0
1260,-1403.2850715334855,0,0
1261,-369.7594490145008,0,1
1262,-474.80358432470734,0,0
1263,-380.8681610633047,0,0
1264,-391.8645074870174,0,0
1265,-700.4730149606348,0,0
1266,-516.825238911114,0,0
1267,-470.12467556683157,0,0
1268,-537.1159678362698,0,0
1269,-404.818877196118,0,0
1270,3773.429994375418,0,1
1271,-694.6304733900453,0,0
1272,-577.0505214370369,0,0
1273,879.0988296488166,0,0
1274,-536.1641729366038,0,0
1275,-640.9048602497426,0,1
1276,-441.8138943179888,0,1
1277,-357.5217013116745,0,0
1278,-574.2779126984705,0,0
1279,-567.2179365028361,0,0
1280,-527.3143716647846,0,0
1281,117.31284815153441,0,0
1282,-427.2797671325033,0,0
1283,-518.6601611538983,0,0
1284,-511.31111606512263,0,0
1285,-513.9441914698502,0,0
1286,-373.84410572538536,0,0
1287,-514.6945758340353,0,0
1288,-600.2804607598658,0,0
1289,-647.7870113868904,0,0
1290,2154.749114956083,0,0
1291,-668.6629829334449,0,0
1292,-1874.1344446903317,0,0
1293,-469.874448969428,0,0
1294,-1633.9855989572304,0,0
1295,-761.9620266006073,0,0
1296,-1879.2993551737547,0,0
1297,-683.7339319273407,0,0
1298,-622.4182339508721,0,0
1299,-546.3326861497922,0,0
1300,-499.9019796281723,0,0
1301,-553.7243058618863,0,0
1302,-523.7437781165471,0,0
1303,364.81107841668364,0,0
1304,-650.8709937173386,0,0
1305,200.86198091576603,0,0
1306,-604.3365794151738,0,0
1307,-492.13723073997306,0,0
1308,-543.1948360931528,0,0
1309,-499.4337012586693,0,0
1310,6.418333184082769,0,0
1311,-497.40656287216166,0,0
1312,256.92314453076256,0,0
1313,-572.7301973082954,0,0
1314,-503.488227992521,0,0
1315,318.55261023026776,0,0
1316,-500.49468399084896,0,0
1317,-541.9624397769596,0,0
1318,-510.6888791948695,0,0
1319,-605.4949199690344,0,0
1320,189.530655529875,0,1
1321,-539.5760781247387,0,0
1322,-523.8102957563177,0,0
1323,-1094.1085965503257,0,0
1324,61311.39998470454,1,5
1325,-546.3456081304166,0,0
1326,-631.997554992919,0,0
1327,-527.0152613502999,0,0
1328,-655.7617738206816,0,0
1329,-504.32613144061776,0,0
1330,-289.8996908225683,0,0
1331,-779.5270107113911,0,0
1332,51200.442529846936,1,5
1333,-2185.4686563907094,0,0
1334,-3514.673770122734,0,0
1335,-546.9696137600465,0,0
1336,-509.85135847997896,0,0
1337,-528.00996347066,0,0
1338,-576.8574534555714,0,0
1339,-1342.5831922342272,0,0
1340,-385.0543842031117,0,0
1341,-490.70008778126163,0,0
1342,-505.11271500588623,0,0
1343,-516.1038659325965,0,0
1344,-618.8111057764687,0,0
1345,55.02779660152663,0,0
1346,1734.6023752559333,0,1
1347,1325.9804560541286,0,0
1348,-492.3457715276288,0,0
1349,-505.11098967975045,0,0
1350,-590.4197675152745,0,0
1351,-496.63505289467724,0,0
1352,-482.53591168709494,0,0
1353,-867.4901975362607,0,0
1354,-581.3343639776762,0,0
1355,-509.37759146816745,0,0
1356,-349.4075489684327,0,0
1357,-613.730508210406,0,0
1358,-468.4529331906256,0,0
1359,-474.3852885647106,0,0
1360,-549.9361259325499,0,0
1361,-502.26694218232416,0,0
1362,-509.346610275609,0,0
1363,-401.07700780689754,0,1
1364,2159.3988114041226,0,2
1365,-520.5408646104424,0,0
1366,-476.6322114959821,0,0
1367,-501.137257542886,0,0
1368,-225.1537903537169,0,0
1369,-519.5958184852532,0,0
1370,-403.16549754005354,0,0
1371,-471.46393132472036,0,0
1372,-526.3352011427882,0,0
1373,-569.8081891021317,0,0
1374,-972.1981947277183,0,0
1375,-2340.3109882243916,0,0
1376,-1342.966524878653,0,0
1377,-297.1428361781542,0,0
1378,-526.8103868907605,0,0
1379,-1375.0754615642131,0,0
1380,-600.9899809650876,0,0
1381,-529.7814837969348,0,0
1382,-594.70505600014,0,0
1383,300.83674364173146,0,0
1384,-525.8520801223567,0,0
1385,-558.2625186268801,0,0
1386,-559.7928621757037,0,0
1387,-1278.8945020922624,0,0
1388,-510.75701745252553,0,0
1389,-547.5087579721759,0,0
1390,-1170.5418603583357,0,0
1391,-494.4713366435674,0,1
1392,-1364.3406898940518,0,0
1393,-360.1074193914451,0,0
1394,-449.5474689471098,0,0
1395,-767.5477225188966,0,0
1396,-640.5437932652063,0,0
1397,-518.7840659100356,0,0
1398,-594.9605360211795,0,0
1399,-590.2690796255371,0,0
1400,-512.4998665718468,0,0
1401,-99.3252801670688,0,1
1402,-663.6892095631207,0,0
1403,-762.331847811899,0,0
1404,-573.5991716383347,0,0
1405,-626.1637876930231,0,0
1406,-496.4407419344717,0,0
1407,-534.1190577378793,0,0
1408,-503.20532719935994,0,0
1409,-1533.8322148423945,0,0
1410,-884.5428341261559,0,0
1411,-718.0077291802163,0,0
1412,-612.87025826564,0,0
1413,-357.23667954757724,0,0
1414,-561.9262848023185,0,0
1415,-1378.8376602372355,0,0
1416,-510.9170975920606,0,0
1417,-523.155301508808,0,0
1418,-542.5998989174163,0,0
1419,-527.0699630265626,0,0
1420,-270.90617244954876,0,0
1421,-579.9039791333041,0,0
1422,-2071.7535888968564,0,0
1423,-150.23954159070576,0,0
1424,-487.2848511320171,0,0
1425,-660.9291595721901,0,0
1426,-512.4673756303705,0,0
1427,266.7147128390538,0,0
1428,218.47186035756727,0,0
1429,-1018.4202934626297,0,0
1430,-626.500125058006,0,0
1431,-1349.007019966972,0,0
1432,2752.847237706363,0,1
1433,-518.2284656004076,0,0
1434,-500.25387352190876,0,0
1435,-535.3288683055544,0,0
1436,234.68419972938176,0,0
1437,-514.7491933344472,0,0
1438,-525.5223559641001,0,0
1439,-519.6869118779829,0,0
1440,-563.7950196547663,0,0
1441,-468.6736872085919,0,0
1442,-505.15969938054815,0,0
1443,-549.5161088015755,0,0
1444,-501.7603958111282,0,0
1445,-522.1626807094096,0,0
1446,-522.9757333683733,0,0
1447,3966.240083859111,0,0
1448,-570.0683570961144,0,0
1449,575.3324145694473,0,0
1450,-1472.3352496752852,0,0
1451,-463.9181523235943,0,0
1452,-535.7425589753676,0,0
1453,-516.1345435270858,0,0
1454,-509.7790782835609,0,0
1455,-129.14173056663347,0,0
1456,3548.07617232706,0,0
1457,-602.3192754788565,0,0
1458,-2963.5399833376096,0,0
1459,-467.7364024394525,0,0
1460,-528.975603392994,0,0
1461,-516.3118586100443,0,0
1462,-1942.4604626024034,0,0
1463,-912.9134976991779,0,0
1464,-851.3764394969157,0,0
1465,844.2130734626196,0,0
1466,-970.6135567273502,0,0
1467,-359.463436973644,0,0
1468,-1748.3373545553395,0,0
1469,-508.61443237136564,0,0
1470,30.93128767401376,0,0
1471,-1221.0001251703545,0,1
1472,-410.87373835020736,0,0
1473,250.80869737444095,0,0
1474,-815.5128664030738,0,0
1475,-411.9028784177425,0,0
1476,398.51550109710445,0,0
1477,-490.9613747798118,0,0
1478,-518.5081046002896,0,0
1479,278.366056411683,0,0
1480,-485.4853777949764,0,0
1481,334.3361229041975,0,0
1482,-1279.4697372874107,0,0
1483,-632.9962482962624,0,0
1484,-515.9469733266691,0,0
1485,-514.741219635583,0,0
1486,-1275.1610901530826,0,0
1487,-586.4353600391262,0,0
1488,-265.5191786518543,0,0
1489,-483.78993030323284,0,0
1490,-679.2819786377725,0,0
1491,-308.6603415549398,0,0
1492,774.8290142050838,0,0
1493,-2399.649085158162,0,0
1494,-536.3429613867659,0,0
1495,-514.939131499908,0,0
1496,-808.2163825590035,0,0
1497,-533.19714858967,0,0
1498,-1062.184262330199,0,0
1499,-380.17651308888446,0,0
1500,-516.9533528429654,0,0
1501,-610.1175336925482,0,0
1502,-570.8488994586309,0,0
1503,-531.2872977312128,0,1
1504,-505.09340401413033,0,0
1505,-354.03605070512526,0,0
1506,3087.3405981662354,0,1
1507,-502.51051045254235,0,0
1508,-517.9302060617975,0,0
1509,10901.919529627772,0,3
1510,-378.4166844735211,0,0
1511,1527.4323702681556,0,0
1512,-523.1756890809404,0,0
1513,-913.9894045751053,0,0
1514,1178.0814958674193,0,0
1515,228.55300968506236,0,0
1516,1323.9565268049914,0,1
1517,-741.9791775201196,0,0
1518,1869.0878779882858,0,1
1519,2989.4364027807374,0,1
1520,-538.813016371343,0,0
1521,-509.6972241651302,0,0
1522,813.1757145320777,0,0
1523,-537.4169396534465,0,0
1524,-866.0315722948301,0,0
1525,-724.4813390634688,0,0
1526,1096.9622447115803,0,0
1527,-713.7869502233996,0,0
1528,-678.1090693356696,0,0
1529,-517.1435270093007,0,0
1530,-510.56045852797024,0,0
1531,509.72075443663323,0,0
1532,-493.7451072674356,0,0
1533,-353.65791819922583,0,0
1534,-518.649638653984,0,0
1535,-508.1452446524658,0,0
1536,312.67756293320946,0,0
1537,82183.28309113317,1,5
1538,-2506.161896520956,0,1
1539,-1645.8598301467841,0,0
1540,-508.5823572022741,0,0
1541,472.03150813042515,0,1
1542,-4512.7106915168,0,1
1543,-113.79550983796202,0,0
1544,-726.8119669693695,0,0
1545,-748.6324275350079,0,0
1546,-522.142232720531,0,0
1547,-515.6783815387477,0,0
1548,-353.9314082347198,0,0
1549,-1408.654212284651,0,0
1550,-730.6536783948911,0,0
1551,-560.4016301466635,0,0
1552,-567.3029728368899,0,0
1553,-770.5912801183326,0,0
1554,-617.1903360866659,0,0
1555,4093.34004584388,0,1
1556,-2701.778738415651,0,0
1557,1392.8498679120999,0,1
1558,-1158.2871736616748,0,0
1559,-388.5409801271226,0,0
1560,10454.127216515271,0,2
1561,-3786.681731345156,0,0
1562,-530.0383003978476,0,0
1563,-506.17385643589506,0,0
1564,-1566.7612842533595,0,0
1565,-795.6125759982672,0,0
1566,-514.4912154815452,0,0
1567,-511.8997472309922,0,0
1568,-564.7332429114172,0,0
1569,-539.2797908168826,0,0
1570,155.44072249713065,0,0
1571,-585.6506474903016,0,0
1572,-1060.7301962539766,0,0
1573,-719.3995850302165,0,0
1574,-535.4024171931803,0,0
1575,-510.4803134113691,0,0
1576,-662.3375757929315,0,0
1577,-529.9588444856848,0,0
1578,-499.60334329030957,0,0
1579,3169.1825340906735,0,2
1580,5568.428380812849,0,0
1581,-116.67984471253169,0,0
1582,1312.7315312863157,0,1
1583,-1016.9850419949528,0,0
1584,-511.93754596230093,0,0
1585,-723.390442478424,0,0
1586,-505.25432978181664,0,0
1587,292.1731000812366,0,0
1588,-843.6328329475971,0,0
1589,-449.34964140864037,0,0
1590,-320.94101302281445,0,1
1591,-852.1549096914285,0,0
1592,-566.7765412106262,0,0
1593,-1087.2112495165045,0,0
1594,-511.04652559818715,0,0
1595,-509.962524056441,0,0
1596,-564.2694253006757,0,0
1597,4257.559380466605,0,1
1598,-3531.5173145741273,0,0
1599,-528.8547926711647,0,0
1600,-1812.3855840713604,0,0
1601,-574.8419361184763,0,0
1602,-233.44638811545508,0,2
1603,-193.65123159202778,0,1
1604,-623.1840453609163,0,0
1605,-683.9808730880853,0,0
1606,-1948.2336971812106,0,0
1607,-565.9846769203863,0,0
1608,-500.7924431047786,0,0
1609,126.55105224901706,0,0
1610,-992.180069381929,0,0
1611,-328.84528552992896,0,0
1612,-177.33572768127124,0,1
1613,-25.839365356723363,0,0
1614,-550.4876397068732,0,0
1615,-957.4147569782335,0,1
1616,-257.9065538888948,0,0
1617,388.6717225972936,0,0
1618,45.28651457225121,0,0
1619,-520.9250514052655,0,0
1620,-606.4800493826207,0,0
1621,-515.7128797605172,0,0
1622,-331.2622123718013,0,0
1623,-511.8603889669127,0,0
1624,1781.6813687142815,0,1
1625,-529.7530819168273,0,0
1626,-1027.8976969913192,0,0
1627,-501.1124064089327,0,0
1628,-537.3574137265543,0,0
1629,14350.163597633325,0,0
1630,-474.969312017856,0,0
1631,-305.8521486782828,0,0
1632,-236.25033018111233,0,0
1633,5107.062664639328,0,0
1634,-560.3365862269727,0,0
1635,-549.3081764005437,0,0
1636,-619.6046370443894,0,0
1637,-93.36911907167615,0,0
1638,-538.5127128323785,0,0
1639,6828.624968114632,0,2
1640,-514.4685766796141,0,0
1641,-518.9961974950119,0,0
1642,-522.9854885817867,0,0
1643,-512.2188388729629,0,0
1644,223.3403093571942,0,1
1645,-538.3005891928236,0,0
1646,-562.965059703615,0,1
1647,1019.1280267856089,0,0
1648,477.5121709843006,0,0
1649,-510.7968402822678,0,0
1650,-501.9480679328967,0,0
1651,-526.2361212467741,0,0
1652,-372.2386667026093,0,0
1653,-475.41317745787586,0,0
1654,-831.7401740325622,0,0
1655,-498.81954012785013,0,0
1656,-503.4947543857097,0,0
1657,-656.5978687440402,0,0
1658,-581.4031637648471,0,0
1659,-564.388396735546,0,0
1660,-325.4423732287685,0,0
1661,-876.0657097494361,0,0
1662,-567.2133058925227,0,0
1663,-539.2998129606904,0,1
1664,-1388.892507500716,0,0
1665,-880.5827511871119,0,0
1666,-716.5887399116801,0,0
1667,-608.7995117470525,0,0
1668,-500.2002071711177,0,0
1669,-514.0765414987915,0,0
1670,-409.6426598040509,0,0
1671,-865.7180642716374,0,0
1672,-651.6398433246032,0,0
1673,-654.72578992175,0,0
1674,-525.4015042054033,0,0
1675,-515.0959691794608,0,0
1676,-509.81933550918905,0,0
1677,-533.8065780257263,0,0
1678,-925.702211262055,0,1
1679,-743.2607796047262,0,0
1680,-594.6776275960084,0,0
1681,-1012.1842355404916,0,0
1682,-493.62317148204806,0,0
1683,-1676.1244560071475,0,0
1684,450.7508954643102,0,1
1685,1.11875815242297,0,0
1686,-506.26339129592924,0,0
1687,-529.1730860925493,0,0
1688,-1193.3638517968734,0,0
1689,-548.1091122555894,0,0
1690,-705.2837333575264,0,0
1691,-544.2078520503488,0,0
1692,-522.3058760566781,0,0
1693,-931.047014606885,0,0
1694,-716.2667406082803,0,0
1695,-1178.3570213035325,0,0
1696,-522.2186044194865,0,0
1697,-518.519048986861,0,0
1698,-556.4216334810338,0,0
1699,-289.7221230647044,0,0
1700,-693.9320112770623,0,0
1701,-746.3364426057433,0,0
1702,118.48562564267294,0,0
1703,-515.6583282413468,0,0
1704,-1319.943768254481,0,0
1705,-629.3359364550823,0,0
1706,2821.9133242696635,0,1
1707,-121.69333647707884,0,0
1708,-490.98145024324225,0,0
1709,-639.7313669850932,0,0
1710,213.3629646697152,0,0
1711,-389.83342613986116,0,0
1712,-478.2820848945465,0,0
1713,-461.3446799247351,0,0
1714,-573.6024133401545,0,0
1715,-526.1776959199083,0,0
1716,-500.4811312078127,0,0
1717,-555.7860260568611,0,0
1718,-650.0249903709687,0,0
1719,-78.00257435854962,0,0
1720,-1214.7584122389171,0,0
1721,-650.696648755164,0,0
1722,-943.6644170977356,0,0
1723,-903.8832642375742,0,0
1724,-556.2534966782583,0,0
1725,318.2938612607392,0,0
1726,-652.7792342617126,0,0
1727,-502.9050747028872,0,0
1728,-904.1003848049812,0,0
1729,81216.4221463814,1,3
1730,57.329321561896165,0,0
1731,-412.9167032725437,0,0
1732,96395.11176946815,1,3
1733,-912.6723753588783,0,0
1734,-794.4898422144322,0,0
1735,-511.741530987259,0,0
1736,-2410.186429241901,0,0
1737,-500.4517545609794,0,0
1738,-511.95880450323045,0,0
1739,-443.09685913785813,0,0
1740,12.135359492119278,0,0
1741,-1051.0117606995939,0,0
1742,-606.4693346622238,0,0
1743,-1257.698134011735,0,0
1744,-516.2439895876028,0,0
1745,55.52636054288712,0,0
1746,1851.3781899805704,0,1
1747,-866.9621877311091,0,0
1748,475.46212344135495,0,0
1749,-1832.4158840136083,0,0
1750,-464.2540412759854,0,0
1751,1954.4961075421784,0,0
1752,-453.5564310444366,0,0
1753,-297.94110488845774,0,0
1754,-49.792060083938196,0,0
1755,-736.9475563535686,0,0
1756,-1457.2645025595086,0,0
1757,-500.4854906258396,0,0
1758,-495.1024476463472,0,0
1759,-219.42775494018676,0,0
1760,-506.87683934139045,0,0
1761,-146.54060243062696,0,0
1762,-1192.227970132985,0,2
1763,-1046.2755450902082,0,0
1764,-521.6018457316089,0,0
1765,-500.45635237044826,0,0
1766,-523.3630291861028,0,0
1767,-522.2904086396147,0,0
1768,46.42806213837929,0,0
1769,210.04121844707333,0,0
1770,-504.9708516151122,0,0
1771,-602.4726999798979,0,0
1772,-697.1740367910005,0,0
1773,-890.4643238766321,0,0
1774,-621.7493123892061,0,0
1775,-487.7284863395351,0,0
1776,-372.56905526724546,0,0
1777,-270.64378223026125,0,0
1778,-501.84858155619685,0,0
1779,-565.1374734833444,0,0
1780,-494.99307336498276,0,0
1781,-555.3662096511863,0,0
1782,-1018.5287670118023,0,0
1783,-692.6074366576804,0,0
1784,-644.6633434720517,0,0
1785,-477.51309941993236,0,0
1786,-485.2918234467586,0,0
1787,-484.4669470619583,0,0
1788,-526.2801438548212,0,0
1789,-853.7617426630379,0,0
1790,-606.0662511395337,0,0
1791,-268.0948393403716,0,0
1792,-471.1689066970707,0,0
1793,-644.9349393383592,0,0
1794,-217.17748001317804,0,0
1795,-573.1530632365744,0,0
1796,-521.7865744899925,0,0
1797,-243.31311685628125,0,0
1798,-576.1718105039586,0,0
1799,-522.1476352915518,0,0
1800,-550.3042246979138,0,0
1801,-455.309390839789,0,0
1802,-722.0271175231798,0,0
1803,-526.4197057116503,0,0
1804,-509.1945401762999,0,0
1805,2066.249106508908,0,1
1806,-511.85378623697306,0,0
1807,-681.3991267420922,0,0
1808,-521.6866800864043,0,0
1809,304.0152631400463,0,0
1810,-509.99957495096635,0,0
1811,-660.4653763663889,0,0
1812,2011.5490542848172,0,0
1813,-531.754699212878,0,0
1814,-442.11555575001205,0,0
1815,-513.4616588172885,0,0
1816,-480.8672057586452,0,0
1817,-501.82216923671996,0,0
1818,-200.8335987122266,0,0
1819,-485.77237750283837,0,0
1820,-525.7651943283479,0,0
1821,4.884505383761393,0,0
1822,1755.7836974594657,0,1
1823,100.10611198559116,0,0
1824,-535.315233350527,0,0
1825,1725.6404372939055,0,0
1826,-502.3348151709752,0,0
1827,-572.7075657135184,0,0
1828,-820.4355537183678,0,0
1829,-491.55146777675577,0,0
1830,1071.064114842781,0,0
1831,-1.5311151210134426,0,0
1832,3793.6206144677285,0,1
1833,-804.4739673387687,0,1
1834,-183.9579951814469,0,0
1835,206.2859608564402,0,0
1836,-500.68076059012327,0,0
1837,-510.5526507337687,0,0
1838,2081.3721057626653,0,0
1839,-597.6526805386861,0,0
1840,-549.1409551390091,0,0
1841,-1866.99769299924,0,0
1842,-444.4145024744409,0,0
1843,-510.1146567566608,0,0
1844,-674.2482175706918,0,0
1845,5153.164853229261,0,2
1846,-586.6155643797833,0,0
1847,-521.9274461325261,0,0
1848,-600.2566293223482,0,0
1849,-533.6330696758364,0,0
1850,2076.3109691325567,0,0
1851,-698.5042872163901,0,0
1852,-536.806528631863,0,0
1853,-539.8436951044363,0,0
1854,-213.6724736100511,0,0
1855,-552.9115779333143,0,0
1856,361.65346396959626,0,0
1857,-943.1985562476025,0,0
1858,-1045.1652330961347,0,0
1859,-503.6918177618049,0,0
1860,327.7283121854737,0,0
1861,-1174.9835547478044,0,1
1862,-511.5828313198538,0,0
1863,-790.5381777093831,0,0
1864,-708.9037336083944,0,0
1865,-851.3408032723582,0,0
1866,546.7581322927722,0,1
1867,-1159.3340825706225,0,0
1868,315.04049645189053,0,1
1869,-481.4377685759404,0,0
1870,-216.26187329251587,0,0
1871,-678.4511520902231,0,0
1872,1589.0428927650105,0,0
1873,-482.34650310312253,0,0
1874,-532.8369787787768,0,0
1875,-551.9967568945747,0,0
1876,-521.6423193216491,0,0
1877,-522.3655671321832,0,0
1878,-522.643467238464,0,0
1879,-617.8714775334662,0,0
1880,-321.0601579239185,0,0
1881,-535.3144378873235,0,0
1882,-608.4021418689182,0,0
1883,-665.6544934388075,0,0
1884,-351.58099296547425,0,1
1885,-64.39987201365093,0,0
1886,-590.1983462653319,0,0
1887,-722.7149178334555,0,0
1888,-532.2972519184214,0,0
1889,-510.5885751165917,0,0
1890,-1758.8619646759128,0,0
1891,-535.4940158369217,0,0
1892,-559.7035533200443,0,0
1893,-614.7975422424331,0,0
1894,-544.1811260488972,0,0
1895,1377.1275308941133,0,1
1896,12203.586114307705,0,0
1897,-411.02495128204333,0,0
1898,-638.9745223234697,0,0
1899,-552.0515814035487,0,1
1900,-518.3290891005591,0,0
1901,-536.8466418801877,0,0
1902,-460.44242191263515,0,0
1903,-566.2054444028078,0,0
1904,-457.16616917398835,0,0
1905,-597.683362633438,0,0
1906,-514.5836359116902,0,0
1907,-671.3122866536414,0,0
1908,-513.4842934256612,0,0
1909,-519.9077369250708,0,0
1910,-546.867371104464,0,0
1911,298.4196554380698,0,0
1912,-678.5921995524775,0,0
1913,188.1915623616685,0,0
1914,-527.3857737593952,0,0
1915,-650.4547691549288,0,0
1916,655.2196751633194,0,0
1917,-1508.5583045787193,0,0
1918,-428.0651038606793,0,1
1919,-845.66275789821,0,0
1920,-250.80032717903225,0,0
1921,-406.57285201733276,0,0
1922,55654.42562152934,1,3
1923,-582.0441194777898,0,0
1924,-524.3613205168705,0,0
1925,-299.31022481548104,0,0
1926,-2027.1770883247887,0,0
1927,-1482.1856331272702,0,0
1928,-5085.553752947496,0,0
1929,-4376.599386268814,0,0
1930,-1650.11495046741,0,0
1931,-929.0567966804508,0,0
1932,-1864.4126922578207,0,0
1933,-584.1930192040672,0,0
1934,-1979.9276785938239,0,0
1935,-1262.0158075562704,0,0
1936,-1200.5327405940823,0,0
1937,-137.41929562693545,0,0
1938,61.27276608877895,0,1
1939,-526.2799903863541,0,1
1940,-540.2267582910556,0,0
1941,-561.1730686504444,0,0
1942,-506.9362287017809,0,0
1943,-506.997843423261,0,0
1944,-520.5493902837294,0,0
1945,2702.3301584126193,0,1
1946,-451.39331136550373,0,0
1947,-506.1680200227261,0,0
1948,-136.5554008755865,0,0
1949,-215.33363775776087,0,0
1950,-632.4188850748747,0,0
1951,1982.545860297442,0,0
1952,-525.9199047311827,0,0
1953,-1069.055790292718,0,0
1954,-497.1676361613861,0,0
1955,-503.83800955138054,0,0
1956,-523.6661181365309,0,0
1957,-496.0114168954778,0,0
1958,-508.18796807004475,0,0
1959,-491.6016370869382,0,0
1960,-776.3025909014953,0,0
1961,-504.3732148509889,0,0
1962,-249.09553217572397,0,0
1963,-869.5863079030908,0,0
1964,3362.787365150971,0,1
1965,281.8400241847774,0,0
1966,-436.2670009803926,0,0
1967,-873.2374920075122,0,0
1968,-440.72137648837054,0,0
1969,-742.6706776524704,0,0
1970,-505.15049299513544,0,0
1971,-398.3949630436709,0,1
1972,-584.5401240864486,0,0
1973,2946.9228333314345,0,0
1974,-212.48625708419877,0,0
1975,-18.77842172660081,0,0
1976,-443.3157160007194,0,0
1977,-605.5316826706029,0,0
1978,-675.9726529215302,0,0
1979,-483.99064231303123,0,0
1980,-525.5833203876455,0,0
1981,-547.4857578535903,0,0
1982,1192.8035285091692,0,0
1983,-607.8395527147889,0,0
1984,708.6956692849537,0,0
1985,-52.654235973903866,0,0
1986,-442.6280759690097,0,0
1987,-628.7558365682222,0,0
1988,-503.77248609867473,0,0
1989,-208.55576109612497,0,0
1990,-531.1958562231072,0,0
1991,8908.671719359376,0,1
1992,1112.3180819851657,0,0
1993,-566.5275058866291,0,0
1994,215.71120050010688,0,0
1995,-602.7866962430439,0,0
1996,-464.7252176761353,0,0
1997,-437.02174541070286,0,0
1998,-547.8192181058612,0,0
1999,-205.6496761539123,0,0
2000,10867.835370030774,0,2
2001,-1306.7392379581001,0,0
2002,-703.5138698693536,0,1
2003,-496.41529618394657,0,0
2004,-4280.257342096,0,0
2005,-2721.8439178113704,0,1
2006,-1569.4341222080197,0,0
2007,-2373.6947779722473,0,0
2008,-1407.464210918263,0,0
2009,-405.30059752248155,0,0
2010,-1994.044143511172,0,0
2011,-521.1061359540869,0,0
2012,-511.43674981312995,0,0
2013,-1077.1781710201737,0,0
2014,-628.8144883763011,0,0
2015,-524.7122731792709,0,0
2016,-550.793222419553,0,0
2017,-642.6475414736889,0,0
2018,-819.5421316280019,0,0
2019,-990.217073165473,0,1
2020,-659.7271386647573,0,0
2021,-535.0817746560211,0,0
2022,-523.6466081374831,0,0
2023,-104.62830918325233,0,0
2024,-582.9164666756119,0,1
2025,1986.2384656713953,0,0
2026,-528.5310623007642,0,0
2027,-517.533576773598,0,0
2028,-515.100005940533,0,0
2029,-716.5394386485373,0,0
2030,-720.9378003483894,0,0
2031,1746.8209948116953,0,0
2032,-693.5330829780198,0,0
2033,-694.1352850453648,0,0
2034,-1313.7085354909273,0,0
2035,-861.9725347460438,0,0
2036,-1302.3749019717652,0,0
2037,-654.0538833092803,0,0
2038,-503.15352903727666,0,0
2039,-652.4489184949471,0,0
2040,-801.1879342530153,0,0
2041,-506.43064407557347,0,0
2042,-516.0532448577603,0,0
2043,-479.8382660773444,0,0
2044,-374.83559153858727,0,0
2045,-530.3268098342757,0,0
2046,-513.8558262388776,0,0
2047,-491.3035132635898,0,0
2048,-8624.627064454146,0,1
2049,29.90259519567138,0,0
2050,-546.4817459448059,0,0
2051,-12351.420744527668,0,2
2052,-534.9388161760542,0,0
2053,-515.1572148717482,0,0
2054,190.53410865592133,0,0
2055,2229.499218654244,0,1
2056,-674.9267842302936,0,0
2057,-641.6047171870687,0,0
2058,-543.1083250075469,0,0
2059,-542.8991063781673,0,0
2060,-963.7223045864113,0,0
2061,41270.164687660385,0,4
2062,963.2367203651406,0,0
2063,-862.8324363197307,0,0
2064,2252.730922146027,0,1
2065,-69.93103520602696,0,0
2066,64.63449949968305,0,0
2067,-142.65780013037102,0,0
2068,1174.139678375396,0,0
2069,-425.73270997023644,0,0
2070,1431.4778635828518,0,0
2071,-540.9380255985208,0,0
2072,-507.11729160392275,0,0
2073,-520.7072338991104,0,0
2074,-496.29051695838734,0,0
2075,-183.79624030548,0,0
2076,-732.4872291155848,0,0
2077,-539.5705024635109,0,0
2078,-97.88706968473298,0,0
2079,-261.2403410090022,0,0
2080,-537.8545611150967,0,0
2081,-573.8819386944353,0,0
2082,-174.5525117622275,0,0
2083,-394.97063202609604,0,0
2084,-513.022884023668,0,0
2085,-388.7519225605397,0,0
2086,-418.2105354344055,0,1
2087,-532.235445277148,0,0
2088,-515.4743932980895,0,0
2089,-685.8573906410058,0,0
2090,-233.50018528180973,0,0
2091,498.9449657686009,0,0
2092,-559.0463236214454,0,0
2093,-508.3377969870216,0,0
2094,-66.20104159602636,0,0
2095,552.4494399259692,0,1
2096,-1452.0550783017786,0,1
2097,-538.4561168867426,0,0
2098,-539.7552331711184,0,0
2099,-508.58221743821576,0,0
2100,-502.20610580523595,0,0
2101,-520.8623618552394,0,1
2102,25.49728747746397,0,1
2103,-525.8135925452315,0,0
2104,-136.19458292531885,0,0
2105,-483.5807124367211,0,1
2106,-742.5349988705664,0,0
2107,1657.8323041920119,0,0
2108,-490.6963560923857,0,0
2109,-1158.3194968669764,0,0
2110,-534.7709631921416,0,0
2111,-323.0188695523825,0,0
2112,-496.25445072321924,0,0
2113,-434.0537702122504,0,0
2114,-1043.0723837099224,0,0
2115,-550.0759578393769,0,0
2116,434.0982374145067,0,0
2117,-859.2571420643992,0,0
2118,-1641.8909786960878,0,0
2119,-522.4165465971919,0,0
2120,-509.0449341830593,0,0
2121,-332.5870180992712,0,0
2122,-452.31138179963085,0,0
2123,-521.8584960424255,0,0
2124,-811.668485380413,0,0
2125,-91.22931419288045,0,0
2126,-523.6237343859892,0,0
2127,-653.3440554222602,0,0
2128,801.2692315508662,0,0
2129,-583.915671926321,0,0
2130,1663.7917639189234,0,0
2131,-513.337289025805,0,0
2132,-503.4085985221934,0,0
2133,-390.54497641106406,0,0
2134,-493.9767078996687,0,0
2135,242.25218463258267,0,0
2136,-513.311068844829,0,0
2137,-874.7557238891355,0,1
2138,-536.9151215551734,0,0
2139,-345.7106997229957,0,0
2140,-541.3251556388026,0,0
2141,1235.7933755878357,0,1
2142,-673.4025761017931,0,0
2143,-510.8746902790651,0,0
2144,-505.89948819207916,0,0
2145,-417.05888628212654,0,0
2146,-495.78389841681457,0,0
2147,-501.6030159778377,0,0
2148,-484.53894078562456,0,0
2149,62.72765368506293,0,0
2150,-209.8622521364569,0,0
2151,-633.8849544791699,0,0
2152,-642.2693622548527,0,0
2153,-964.8777905678385,0,0
2154,1463.9875843446252,0,1
2155,-564.0378748755892,0,0
2156,-536.358175305068,0,0
2157,-1449.213496428134,0,0
2158,-152.86390208706723,0,0
2159,-583.260560021886,0,0
2160,-720.8034400378265,0,0
2161,-802.4518217098503,0,0
2162,-915.7992913433764,0,0
2163,-980.2804415242226,0,0
2164,-536.3093357388955,0,0
2165,-593.3534953980313,0,0
2166,1383.0074018377907,0,1
2167,-628.1231958274757,0,0
2168,2025.6166345813551,0,0
2169,-623.0579648695048,0,0
2170,-491.567051021874,0,0
2171,-520.2501795895051,0,0
2172,-466.8577080227021,0,0
2173,1364.5575822936485,0,1
2174,231.21474945376303,0,0
2175,-512.9435361716438,0,0
2176,-540.424021927663,0,0
2177,-656.8298154385959,0,0
2178,-607.6724289885665,0,0
2179,-569.3773062214188,0,0
2180,-608.965736909374,0,0
2181,-514.5778202405505,0,0
2182,-575.5528243962477,0,0
2183,-901.6171284642965,0,0
2184,-511.4655545431183,0,0
2185,-728.2061189566741,0,0
2186,-583.8774306534749,0,0
2187,-511.30905646813824,0,0
2188,-457.17122485000857,0,0
2189,-546.635066485254,0,0
2190,-869.0499188425456,0,0
2191,728.9902810323981,0,0
2192,-703.6243188280284,0,0
2193,327.2212011668074,0,1
2194,-729.62612106978,0,0
2195,-555.8283293485513,0,0
2196,-91.59335518661536,0,0
2197,150.30009937741795,0,0
2198,-514.8937120039288,0,0
2199,-502.97940254542897,0,0
2200,-634.5772856105608,0,0
2201,-531.75857875316,0,0
2202,-522.3901826750985,0,0
2203,-87.77852223517394,0,0
2204,919.4888913259308,0,0
2205,-666.7161725232027,0,0
2206,-547.0838428589362,0,0
2207,-741.8120700072685,0,0
2208,-551.5525064278992,0,0
2209,1294.7791405199919,0,0
2210,256.5491420946216,0,0
2211,1631.5947244737577,0,1
2212,-513.0257592119334,0,0
2213,-513.5978578438344,0,0
2214,1438.6555079958296,0,0
2215,1204.9410706944182,0,0
2216,-519.8357530344686,0,0
2217,-125.20180441211957,0,0
2218,-250.13677044471893,0,1
2219,-549.9842936501897,0,0
2220,-316.8850658530322,0,1
2221,-379.35986544158345,0,1
2222,339.48042898400877,0,2
2223,-210.81531084163618,0,1
2224,-502.6556287709796,0,0
2225,-463.807151163553,0,0
2226,810.3912339242319,0,0
2227,-975.4853120125903,0,0
2228,-478.98672934466526,0,0
2229,-463.6277048418437,0,0
2230,-443.2294289692426,0,0
2231,6176.04220783678,0,1
2232,369.68150461100856,0,0
2233,-628.3067094374194,0,0
2234,-749.52342846721,0,0
2235,-514.3641457453516,0,0
2236,908.0569256823054,0,0
2237,-1949.926732255324,0,0
2238,93815.52870109036,1,6
2239,-561.4823943684066,0,0
2240,-504.22756511536886,0,0
2241,5137.975766511693,0,0
2242,-1105.1686085490621,0,0
2243,-669.7252548833809,0,0
2244,-533.2766520419357,0,0
2245,-527.9913411347904,0,0
2246,144.05114845884304,0,0
2247,-66.98971720794705,0,0
2248,-470.39114609354,0,0
2249,-997.5281275327936,0,0
2250,-505.1070889116424,0,0
2251,5858.861190680606,0,1
2252,-458.8386106342814,0,0
2253,-1314.1635088661228,0,0
2254,-448.8387701740837,0,0
2255,-503.0119006013647,0,0
2256,-512.233968637443,0,0
2257,-528.6622744674423,0,0
2258,-525.5050572316275,0,0
2259,-464.19034475932875,0,0
2260,-871.2976211773844,0,0
2261,-1222.545880947398,0,0
2262,-522.2800524207265,0,0
2263,-612.0500497108424,0,0
2264,176.91342309962425,0,0
2265,-705.7389661806571,0,1
2266,-542.5800393928912,0,0
2267,-119.11852574710298,0,1
2268,-834.9909188781468,0,0
2269,1360.5740291775824,0,0
2270,-1305.46604367718,0,0
2271,-509.92410698047286,0,0
2272,-636.4113772648946,0,0
2273,-955.663163567299,0,0
2274,-87.35892120141938,0,0
2275,-235.63062283064855,0,0
2276,-517.0143341132693,0,0
2277,-798.2687412239957,0,0
2278,-1374.6915713824806,0,0
2279,-386.56426973693374,0,0
2280,-585.9362639692417,0,0
2281,-563.4663528266799,0,0
2282,-479.2194958905255,0,0
2283,-554.0308836872744,0,0
2284,-919.988627734484,0,0
2285,-501.2209782493013,0,0
2286,93.56640374016135,0,1
2287,-577.1320582834481,0,0
2288,-323.06920468382714,0,0
2289,-496.33136608225226,0,0
2290,1059.2459430671768,0,0
2291,-624.2331627051434,0,0
2292,-511.9105690428246,0,0
2293,-428.63584512385376,0,0
2294,-546.1520380989149,0,0
2295,-492.52856502925425,0,0
2296,611.8818463466787,0,0
2297,-493.2789895848563,0,0
2298,-594.6904436347913,0,0
2299,3136.602226025664,0,0
2300,11681.982598859018,0,2
2301,-594.7909931677309,0,0
2302,1508.8637197097078,0,0
2303,-1217.5366310726895,0,0
2304,-665.9731785513432,0,2
2305,-1437.465914746204,0,0
2306,1013.1076056074686,0,1
2307,-1172.2733493077476,0,0
2308,-518.1855645241983,0,0
2309,-498.97545488973464,0,0
2310,-490.79851748085474,0,0
2311,45.84686972809635,0,0
2312,-736.9652940880908,0,0
2313,-330.4940399727245,0,0
2314,-506.16640391125156,0,0
2315,-442.92339187602704,0,0
2316,-569.3156481538849,0,0
2317,-187.15111058345724,0,0
2318,-737.4656868900757,0,0
2319,-504.30897862919574,0,0
2320,4527.2950199626475,0,0
2321,497.15629196047655,0,2
2322,-607.8875733383736,0,0
2323,1963.395288330249,0,1
2324,-509.8879389064653,0,0
2325,-586.2469130117483,0,0
2326,6591.534962538862,0,0
2327,-460.39824181325747,0,0
2328,-471.5311868511619,0,0
2329,-502.8051048640151,0,0
2330,-528.0242385434348,0,0
2331,-671.4970529026702,0,0
2332,-530.7973711424409,0,0
2333,-531.7539011208174,0,0
2334,-597.490746835785,0,0
2335,-881.0447043249903,0,0
2336,103.67223673097067,0,1
2337,-193.94625801230342,0,0
2338,-355.4882990441976,0,1
2339,-249.5871297598779,0,0
2340,-491.1283313820108,0,0
2341,-665.3422672453438,0,0
2342,-197.18836254942227,0,0
2343,-1686.1762087947404,0,0
2344,564.8970219759781,0,0
2345,-515.4934519026526,0,0
2346,-254.01020463074585,0,1
2347,-163.32759083203533,0,0
2348,-512.9919112928947,0,0
2349,-504.17276594132636,0,0
2350,-505.75341126332177,0,0
2351,-542.6919067003896,0,0
2352,-482.25483452938386,0,0
2353,1698.6679231963753,0,1
2354,229.29560294976125,0,1
2355,-728.4505152939746,0,0
2356,-479.2161720608685,0,0
2357,-569.2113993518911,0,0
2358,-538.8545332179635,0,0
2359,-510.8404235244422,0,0
2360,-512.6838533034199,0,0
2361,-515.8592222939029,0,0
2362,-465.28709610685036,0,0
2363,193.61189423694412,0,0
2364,-1142.0373685539203,0,1
2365,-1007.1580707385745,0,0
2366,-786.0737866473132,0,0
2367,63.5785793160739,0,0
2368,-1132.2534650021325,0,0
2369,469.4504092492861,0,0
2370,-523.0816616222161,0,0
2371,-449.0534291988193,0,0
2372,-506.3019098461903,0,0
2373,28.38106576292256,0,0
2374,33952.763965653714,0,3
2375,-1091.3828944323284,0,0
2376,-468.3945881896753,0,0
2377,185.98276084054254,0,0
2378,-66.63733926757402,0,0
2379,476.4080570032059,0,0
2380,864.0754640167886,0,1
2381,-507.1380413947269,0,0
2382,-560.3170188810254,0,0
2383,-538.2080168975335,0,0
2384,-496.8899044588118,0,0
2385,-572.6902883034329,0,0
2386,-593.9102192764972,0,0
2387,-583.7488495928163,0,0
2388,762.5412596355372,0,0
2389,-965.0860671979763,0,0
2390,-459.04531436779,0,0
2391,-816.0179345851664,0,1
2392,-1052.2864824915537,0,0
2393,-449.91567585132304,0,1
2394,-507.66599984876615,0,0
2395,-567.5322178113415,0,0
2396,-716.2833423282941,0,1
2397,134.52945522643898,0,0
2398,-724.2932146947284,0,0
2399,-272.4510886336576,0,0
2400,-507.2152750420537,0,0
2401,-384.51362610395586,0,0
2402,-568.2725534860974,0,0
2403,-1250.046435872448,0,0
2404,-605.3867474846356,0,0
2405,-253.14959184350005,0,1
2406,-526.6635539180486,0,0
2407,-467.4681707836106,0,0
2408,-561.5062183305268,0,0
2409,-503.1640256310042,0,0
2410,2958.912831066307,0,0
2411,-513.8230347468646,0,0
2412,1178.1727107789975,0,1
2413,-642.1948116689055,0,0
2414,-627.6267227185176,0,0
2415,-1878.8477435457592,0,0
2416,-201.80257072106693,0,0
2417,-1295.9479736605595,0,0
2418,-509.91085661260655,0,0
2419,-582.7222238194026,0,0
2420,-750.5345850406688,0,0
2421,-537.9324727048661,0,0
2422,4282.517548222243,0,1
2423,-573.8290848404332,0,0
2424,-507.9053485146864,0,0
2425,-113.30024063680963,0,0
2426,590.4000127894193,0,0
2427,-518.5546992188954,0,0
2428,-629.7863987585185,0,0
2429,-838.820790803803,0,0
2430,-558.5531341340743,0,0
2431,-508.24464135071264,0,0
2432,-635.9101846474364,0,0
2433,-271.19068835036995,0,1
2434,-150.71463673377926,0,0
2435,1129.7450927884822,0,1
2436,-652.8231128991082,0,0
2437,-795.5898578200733,0,0
2438,-629.7818007092868,0,0
2439,-513.0396212931299,0,0
2440,-314.44217258471934,0,0
2441,-540.3620470362044,0,0
2442,-522.1118722910498,0,0
2443,-510.37775594782175,0,0
2444,-540.7933181209944,0,0
2445,-518.3977519400554,0,0
2446,-533.0456059366808,0,0
2447,-747.4143404782182,0,0
2448,-669.6362968493917,0,0
2449,-1117.443180720275,0,0
2450,-617.5728700576468,0,0
2451,-496.2926860479081,0,0
2452,-610.613607587878,0,0
2453,2333.6474073227437,0,2
2454,-585.2565969933062,0,0
2455,-566.697260072,0,0
2456,-500.04237965794937,0,0
2457,-721.073282110408,0,0
2458,109.47786552429864,0,0
2459,27.810753159892784,0,2
2460,-556.2067955569865,0,0
2461,38.18383480798377,0,0
2462,-234.6740049213475,0,0
2463,443.1145943978844,0,0
2464,-756.7050732322344,0,0
2465,-1389.3883458715968,0,0
2466,-53.79475410072948,0,1
2467,-533.6095199798494,0,0
